"Adelbert Weber",443-884-1544,"984 Arielle Tunnel Apt. 493
North Arloport, MD 82639-3204",Cabin,8901.00,0
"Adriel Ullrich","(443) 614-1190","30942 Imelda Union Suite 961
Stehrtown, UT 22982-4589",Cabin,8722.00,1
"Aglae Bailey",801.931.9916,"118 Norene Forge
Weissnatbury, GA 69922-2728",Apartment,14534.00,0
"Albert Stehr Jr.","(410) 480-7352","907 Luettgen Groves Suite 008
New Joe, LA 92351",House,11274.00,0
"Alberto Dickens",304.571.9207,"46057 Schiller Circle
Eloisatown, NJ 38569-6033",Villa,14738.00,1
"Alysson Frami","(225) 906-9409","698 Quitzon Plain
New Melissatown, OK 23130",Hut,7476.00,0
"Amalia Volkman",+1.207.512.7192,"22915 Bins Loaf Apt. 807
New Nelda, MS 15734",Villa,14603.00,0
"Amanda Lesch Jr.",678.978.8971,"704 Emard Cape
North Christian, ND 10483",Hut,7281.00,1
"Amaya Hand",+1-440-360-3335,"73053 Torp Lodge Suite 660
East Fiona, AK 51750","Condominium Unit",2338.00,0
"Amely Oberbrunner",1-865-672-9861,"68298 Natalia Knolls Suite 134
East Flaviemouth, IL 41844-5386",Villa,8792.00,0
"Anahi Koepp II","(475) 622-6254","577 Willard Union
Marciaville, VA 49260-9087",Villa,10150.00,0
"Andre Bahringer",+1-283-715-5624,"4357 Walter Loaf Suite 888
Jabaritown, IA 92734-8754",Hut,7930.00,0
"Annamarie Nitzsche",+1.862.227.0236,"5659 Zoila Springs Suite 280
North Adele, UT 96485",House,5365.00,0
"Arch Abshire","+1 (947) 415-8599","890 Adelia Turnpike Suite 259
North Filibertohaven, SD 96828-8394",Apartment,4187.00,1
"Asha Fahey","(323) 619-9925","15641 Boehm Burgs Apt. 836
Lake Julesburgh, IA 03387",Apartment,12288.00,0
"Ashlee Friesen III",1-234-878-4854,"262 Unique Village Apt. 763
New Pierce, IN 06501",Apartment,2076.00,0
"Augusta Eichmann","(918) 884-4582","8221 Lehner Prairie Suite 803
Nadershire, WV 60640-4669",Hut,5693.00,0
"Blaze Weimann","+1 (270) 439-8110","441 Trantow Path
Port Ike, CA 40703",Villa,9854.00,0
"Brannon Quigley","(540) 650-3434","3306 Jeromy Viaduct
Ebertbury, AK 07218",Hut,12511.00,0
"Bryana Doyle","(281) 913-3295","817 Felicia Viaduct Suite 730
Bruenview, MI 70752-5297",Hut,6577.00,0
"Buddy Douglas",434-903-1442,"98592 Alivia Mount
Marianaland, NH 28019-5654",Cabin,5204.00,0
"Buford Haag Sr.",253.815.8806,"764 Finn Creek Apt. 689
South Ninaside, NE 89642-0091",Apartment,4387.00,0
"Cameron Schmitt",1-680-365-2202,"80575 Malcolm Spur Apt. 478
East Tess, NM 46663-4392",Hut,9784.00,0
"Camren Bergnaum I",+1.765.505.4210,"4150 Jett Greens Apt. 263
Klockoborough, AZ 69438",Apartment,4298.00,0
"Camren Wiza Jr.",+1-254-606-5822,"64716 Volkman Circles Apt. 734
Port Jackchester, UT 66275-3181",Cabin,5517.00,1
"Carolanne Pfeffer III","(619) 980-2695","855 Bednar Field
Tomasaburgh, SC 54649-8953",Apartment,6084.00,1
"Cody Leuschke",272-829-8521,"226 Melany Port
Harberland, IL 18013","Condominium Unit",5216.00,1
"Colin Tromp",+1-601-370-7428,"327 Emma Gardens Apt. 750
Stephentown, MS 82448-8639",Villa,2109.00,1
"Collin Wehner",+1.980.504.7936,"7439 Osinski Flats
Lake Greyson, MS 10106-6902",Apartment,14814.00,0
"Cory Rippin",520.529.4778,"3764 Craig Point Apt. 168
Darrickborough, RI 91376-1101",Apartment,5489.00,1
"D'angelo Cormier","(208) 308-9869","9007 Franz Parks
Harveyborough, AL 73957",Villa,10622.00,0
"Danial Botsford",+1.252.217.5544,"56524 Nikolaus Stream
South Rorytown, IA 29662-2392",Villa,7329.00,1
"Declan Jenkins",+1.281.842.5675,"2688 Barrows Shore Apt. 230
Norrismouth, NY 79627-1510",Apartment,6030.00,0
"Dee Gutkowski",1-850-486-7295,"4960 Lueilwitz Crossing
East Conorshire, NV 30197-6651","Condominium Unit",3830.00,1
"Delores Ritchie PhD",+1-281-498-3202,"7879 Nathanial Fords
Fosterborough, NE 21996",Villa,14132.00,1
"Deontae Bernhard",469-248-4639,"645 Rogahn Mission
Beaulahmouth, VA 29675","Condominium Unit",9946.00,0
"Destiny Welch",+17246541569,"85752 Deanna Passage Apt. 000
West Birdie, OR 12238-8012",Hut,4681.00,0
"Dixie Batz","(928) 269-3065","83409 Moen Ridges Apt. 392
South Maddisonfort, HI 55894",Apartment,7714.00,0
"Dr. Alfonso Schamberger","+1 (316) 587-0112","1093 Hermiston Mountains Suite 198
Hudsonmouth, ND 81184-3071",Apartment,3479.00,1
"Dr. Ari Grady Sr.",1-424-267-9617,"638 Chadd Extension Suite 006
West Brandy, GA 62545-2590","Condominium Unit",11618.00,0
"Dr. Brannon Kub IV",959-573-5871,"2428 Huels Isle Apt. 188
Howellchester, VA 66586-6303",House,7737.00,0
"Dr. Christop Nolan",1-973-876-8434,"480 Carley Villages Suite 665
North Catalinaton, WY 05796",Apartment,3374.00,0
"Dr. Frederick Crooks",1-904-862-8119,"431 Kassulke Junctions Apt. 960
Kreigermouth, MS 81543-7840",House,3945.00,0
"Dr. Jazlyn Grimes",443-594-6226,"634 Devan Squares
Emardfort, DC 35663-1173",Cabin,8656.00,1
"Dr. Kavon Mitchell",1-254-570-4617,"3790 Nona Dam
Blocktown, MT 37539",Hut,5515.00,1
"Dr. Thad O'Connell Jr.","(541) 259-4518","77599 Rice Expressway
North Marjorie, NE 03759",Villa,5710.00,0
"Eden Schowalter",351.967.3279,"68094 Marks Mount Apt. 582
New Arjun, TN 96897-0477",Hut,12633.00,0
"Edwina Bins",612.984.0599,"3652 Joana Estates Apt. 721
Alfredoton, UT 59177","Condominium Unit",6633.00,0
"Eileen Gibson II","(551) 728-5782","80956 Robel Club Suite 228
Ziemannchester, NH 34658-1603",Villa,9464.00,1
"Eladio Schmidt",220-606-4296,"5580 Norma Estate
Colefurt, MA 41632","Condominium Unit",13968.00,0
"Electa Harris III","+1 (480) 429-0534","403 Luettgen Stravenue Apt. 024
North Letitiamouth, NM 08662-8407","Condominium Unit",13865.00,1
"Elmo Koelpin","(865) 814-8481","52702 Leuschke Rapids
South Meghan, AR 61366-2938",Cabin,8793.00,0
"Elmore Rolfson",+17324426452,"758 Tanner Forest Suite 970
East Caesar, WY 78776",House,14492.00,0
"Eve Wyman",463.219.6407,"46766 Aubree Neck
Shanahanview, KS 94116-1711",Hut,5826.00,1
"Ezequiel Kreiger","+1 (386) 577-0506","83780 Heloise Isle
Jalynbury, ND 72718-9047",Cabin,3791.00,1
"Favian Kemmer V","(323) 254-2900","5658 Margarette Pines
West Janelle, CT 53993-0089",Cabin,10963.00,1
"Grayson Grant PhD",1-201-562-1381,"100 Ullrich Curve
Katrinestad, MN 29536",Hut,12348.00,0
"Hailey Ernser I",+1.458.817.3448,"7881 Phoebe Mills Suite 114
Pollichport, NH 56729-1435",Hut,11180.00,1
"Heath Gleason",463-790-2433,"27318 Hahn Prairie Apt. 386
Port Merritt, DE 41651-1111","Condominium Unit",13218.00,0
"Herminio Kunze","(541) 282-4614","3698 Darian Ports
East Ayana, DE 78175",Cabin,9089.00,0
"Hilbert Hahn",1-650-897-1234,"279 Harber Stravenue Suite 419
North Jamesonmouth, OH 30619-0381",Cabin,10038.00,0
"Ila Stanton III","+1 (404) 402-9340","1776 Farrell Plaza
West Sidney, WI 87979",Cabin,4908.00,1
"Jamaal Hills","(850) 954-9185","98746 Lera Crescent
VonRuedenfurt, SC 13166",Hut,14430.00,0
"Javonte Kovacek",832.295.6785,"8778 Denesik Neck Suite 997
North Allan, IN 95174-0470",House,6210.00,0
"Jocelyn Satterfield V","+1 (941) 628-6431","414 Prosacco Island
Keelingland, NJ 80697-1978",Hut,2876.00,0
"Jonas Schinner",279-301-7548,"75718 Aric Ridge Apt. 836
Mariahtown, HI 79808-1275",Apartment,14128.00,0
"Kaley Pacocha","+1 (336) 946-1083","7097 Von Roads
Port Curtmouth, DE 78433-2740","Condominium Unit",2546.00,0
"Karlee Spencer",+19204212258,"784 Pfeffer Row Suite 310
Wilmaside, WV 15368-1936",Villa,3117.00,1
"Katlynn Wintheiser",1-248-773-8037,"6554 Leuschke Fields
East Gerrystad, OH 29846",House,7825.00,0
"Kayla Sanford",+1.972.885.6016,"47577 Steuber Wall
Towneburgh, MO 98295-1743","Condominium Unit",11150.00,1
"Kayley Harber",479-336-8446,"230 Eladio Oval Suite 381
East Dejon, NJ 91014",House,4943.00,0
"Kendra Haag",+1.607.572.3193,"65562 Haven Road Apt. 067
Kuphalland, PA 93975-3543",House,9460.00,1
"Kiana Wisozk","+1 (928) 658-8546","509 Peyton Spring Apt. 894
Monahanville, CO 94664-9499",Cabin,12102.00,1
"Kristian Lesch IV",+1-907-874-9563,"957 Jocelyn Locks Apt. 412
Ziemetown, WI 11054",Villa,9235.00,0
"Lauriane Armstrong I","+1 (302) 327-0939","5657 Barrows River Apt. 029
West Dallas, IA 16472","Condominium Unit",7565.00,1
"Laurine Bashirian MD",+1-838-887-3984,"2256 Gene Wall
North Cadeland, WV 98200",Villa,6194.00,0
"Linda Lockman",+1-364-583-2266,"598 Klocko Plain Suite 475
East Mauricio, MA 00337-3532","Condominium Unit",9033.00,0
"Lisa Hyatt","(838) 292-6865","32349 Cremin Plains Apt. 158
Port Sigurdshire, MD 41191-6869",Apartment,6338.00,0
"Lorenz Bednar",+16578229198,"483 Chanel Corners Suite 581
East Alyciaton, ME 70973-1711",Cabin,7516.00,0
"Louvenia Rosenbaum",657.781.8898,"1500 Goyette Trail
Jeromyview, NE 50210",House,5897.00,0
"Loyal Fahey",+1-734-400-2761,"15788 Juliana Meadows Apt. 392
West Jacksonberg, OH 68585",Hut,3866.00,1
"Lucile Reynolds",+1-754-289-4321,"31132 Nils Hollow
Port Dorrisside, NC 34264",Hut,6162.00,0
"Luisa Lebsack",1-463-771-6572,"188 Melany Loaf Suite 320
Bogisichtown, WY 05218",House,12780.00,0
"Maci Kuhlman DVM",+1-336-947-9423,"46309 Pfannerstill Inlet Suite 024
Hersheltown, MO 76593",Villa,2756.00,1
"Margot Dooley",279-928-1527,"22652 Johan Drives
Tabithafurt, OH 74427-4033",Villa,6386.00,1
"Mark Wunsch",641.615.1791,"492 Bradford Islands
New Hassanshire, WI 67877-7644","Condominium Unit",3601.00,1
"Marlin Kunze III",754.379.9320,"26527 Princess Walks
Daughertyhaven, NH 14721-8719",Cabin,7312.00,1
"Maxie Collier Jr.","(386) 409-2686","6306 Hermann Square Suite 795
Huelstad, NC 97471",Cabin,10972.00,0
"Meaghan Becker",351.684.7826,"4398 Nelson Wells
North Angelinaton, MD 99688-4418",Villa,2796.00,1
"Miss Caroline Weimann IV",+1-334-213-0329,"496 Erick Light Apt. 205
Rylanfort, UT 62803-4687",Cabin,5362.00,0
"Miss Lilyan Vandervort",1-401-497-4671,"2967 Garth Ports Suite 916
East Adonis, OH 18389-7513",Apartment,12589.00,1
"Miss Myrtie Mueller Jr.","(718) 231-6071","75735 Dach Groves
New Bailee, MI 70223",Apartment,13382.00,0
"Modesto O'Kon",872-263-6030,"805 Linnie Forges Suite 903
West Jaysonland, MA 73074",Villa,14006.00,0
"Morgan Gibson Sr.",208.966.8992,"816 Feeney Drives Apt. 922
O'Reillychester, KY 33503",Hut,10569.00,1
"Mr. Andres Wisozk",1-724-714-3222,"38795 Boris Haven Suite 665
West Wilfredmouth, IL 37816",House,3801.00,0
"Mr. Anibal Huels IV",+1-863-829-6736,"587 Bernier Walks Suite 628
Feeneyville, AR 45368-8041",House,10192.00,0
"Mr. Bradly Cassin I",520-950-3423,"7062 Zemlak Mountains
Faheyton, ND 89240","Condominium Unit",10837.00,1
"Mr. Bret Toy",216.484.7464,"9638 Lysanne Walks Apt. 247
Flossiemouth, FL 86271-8038",Cabin,7556.00,0
"Mr. Maximillian Rowe II","(804) 378-8831","839 Norval Keys
East Altafort, IL 62306-9745",Hut,7114.00,0
"Mr. Scot Balistreri DDS",+1-360-810-5423,"136 Crist Prairie
North Maybelleborough, CA 15265",Cabin,11275.00,1
"Mrs. Barbara Gutmann",+1-415-480-4379,"337 Grover Lock Suite 673
Hilpertland, CO 42947-0460",Apartment,2771.00,0
"Mrs. Nettie Hirthe",+1.445.930.6152,"15348 Veum Unions Suite 224
Lake Glenda, NH 87497",Hut,3692.00,1
"Mrs. Una Orn",1-559-793-3228,"1157 Herzog Locks Apt. 400
Susanport, MS 14281-3884",Hut,12596.00,1
"Mrs. Victoria Pollich DVM",580-453-1219,"5845 Kaitlin Throughway Apt. 906
Runolfsdottirmouth, NC 96746",House,9441.00,0
"Mrs. Willa McCullough V",1-779-280-5038,"754 Richard River
North Kennedy, ME 13846-3686","Condominium Unit",6345.00,0
"Ms. Burnice Ortiz IV",320-498-0817,"839 Bernadette Light Suite 192
South Jalyn, NH 07343",Cabin,14729.00,1
"Ms. Cheyenne Sipes",952-778-2560,"9027 Franecki Well Apt. 538
Orrinville, FL 21444","Condominium Unit",14219.00,0
"Ms. Elizabeth Goodwin Sr.",+1-720-261-0130,"3518 Klein Freeway
South Florinefurt, RI 25190-0841",Cabin,5325.00,0
"Ms. Josiane Kulas PhD",+1-856-606-7194,"25242 Ceasar Trafficway Apt. 984
Boganberg, IL 63560","Condominium Unit",11859.00,1
"Ms. Luisa Ritchie DDS",+14582595270,"802 Josefa Burg Suite 767
Port Magnolia, TN 83013-6745",House,2679.00,1
"Ms. Selina Jaskolski",626.901.6555,"71256 Vincenzo Gardens
Lubowitzburgh, TX 86285",Hut,2502.00,0
"Ms. Tia Streich",281-899-4913,"36303 Hodkiewicz Roads
East Mitchel, MA 47502-1708",Cabin,14930.00,0
"Ms. Verona Rath DDS","+1 (910) 300-7934","6813 Turcotte Canyon
East Jeramyhaven, PA 04371",Apartment,14105.00,1
"Norris McCullough",559-398-7032,"87450 McKenzie Locks
Gregoryborough, SD 56801-2400",Cabin,2938.00,0
"Nyasia Gislason III",1-458-202-8115,"8467 Viola Creek Suite 390
West Laurel, FL 72148","Condominium Unit",3272.00,0
"Opal Durgan",+1-774-755-3609,"6136 Frieda Mission
Eichmannton, HI 29392-0097",House,6945.00,1
"Peter Stehr IV",+1-534-957-9079,"6171 Kirstin Prairie
Lake Van, MD 18935","Condominium Unit",4418.00,0
"Pierce Beier",509-582-0962,"52237 Mante Trail
Millermouth, HI 93726-0459",Villa,11149.00,1
"Precious Koch",+1.762.401.7028,"18957 Kristopher Crest Suite 833
Felicitaland, WI 96076",Hut,13842.00,0
"Prof. Amelia Hodkiewicz MD","+1 (575) 520-3748","4156 Schmitt Plaza Apt. 317
Emmanuelton, PA 50826-3341","Condominium Unit",11703.00,1
"Prof. Ayden Upton","(847) 536-2164","161 Elenor Street
West Elenor, KS 25216",House,8137.00,1
"Prof. Concepcion Abbott",+1.234.430.3552,"24876 Kelley Village Apt. 634
East Wileyport, VA 27561",Apartment,2540.00,1
"Prof. Ismael Schuppe III",1-360-638-7520,"95421 Lisa Creek Suite 557
Bernierburgh, AZ 76133-4855",House,9586.00,0
"Prof. Jordyn Wisoky IV",609.825.8833,"956 Tyrique Gateway Suite 273
West Stephen, VT 47721",Cabin,12876.00,1
"Prof. Raymond Hartmann III",332.986.3778,"577 Beatty Bypass Suite 310
East Cindyland, AL 59828-3149",Hut,6001.00,1
"Prof. Reta Dickinson DVM",+18509790220,"2667 Deontae Canyon Suite 217
West Abigale, WI 94442",House,11241.00,0
"Prof. Rico Will",410.687.8031,"7652 Kemmer Lodge Suite 813
South Marielle, NC 76551-9032","Condominium Unit",5499.00,1
"Prof. Trace Russel DDS",+1-364-493-3036,"323 Hattie Mills Suite 283
Lake Murlburgh, MN 27756-2937",Villa,8908.00,0
"Prof. Willard Bernier II","+1 (458) 331-2314","7384 Ollie Inlet
South Codyville, OR 26007","Condominium Unit",10363.00,1
"Prof. Xavier Bednar Jr.",1-203-901-5333,"2139 Lemke Ville
New Madysonmouth, MS 74379",Villa,2117.00,1
"Rae Schiller","(831) 637-8981","47286 Dietrich Station Apt. 545
Lake Erik, MT 54455-5538",Apartment,9156.00,0
"Rashawn Metz",+1-463-959-4734,"1420 Johnson Viaduct
Lindchester, CO 34851","Condominium Unit",11703.00,1
"Rod Johnson","+1 (517) 432-0658","6020 Herman Port
New Gail, DC 96516-6022",Villa,2032.00,0
"Rosalyn Schinner PhD",+1-209-754-2303,"1560 Lockman Crossing
Port Dorcastown, ME 73344",Villa,7269.00,0
"Rossie Botsford","+1 (240) 821-1683","92737 Celia Flats
New Dejuanside, NV 22295",Hut,3468.00,0
"Royal Morar",+1-662-414-7848,"6506 Aufderhar Radial Suite 123
Scarlettview, CT 99087","Condominium Unit",10278.00,0
"Ruben Breitenberg","(743) 326-7247","542 Auer Curve
Port Kellichester, SC 48881",Cabin,6706.00,1
"Saige Schumm III",1-830-728-9480,"32823 Aurelia Roads
Port Queenberg, OK 95774",Apartment,14149.00,1
"Santa Wolff",239-505-0394,"1536 Jalon Harbors
Lake Gradyfort, NH 84085-9187",Villa,10859.00,0
"Scottie Collins",+1-865-810-7147,"7477 Alba Meadows Apt. 382
Waelchiside, MD 46051",Villa,6174.00,1
"Susanna Mosciski",+1-650-541-9445,"15415 Dasia Inlet Suite 120
Greggfort, CA 05659",Cabin,12321.00,0
"Tremaine Vandervort","+1 (725) 695-8413","3799 Cicero Gardens
McCulloughshire, ND 11967",Apartment,5874.00,1
"Tressa Jacobi",+1-283-825-7096,"419 Gottlieb Brook
Wavaside, MO 52385-2687",Cabin,9601.00,0
"Tyree Hudson Sr.","(504) 695-4195","92245 Gayle Summit Suite 378
West Carley, TX 85308-4169",Hut,13986.00,1
"Vallie Bednar",+1.586.848.1416,"40281 Eldred Trace Suite 319
Sylvanmouth, TX 55687","Condominium Unit",13845.00,0
"Verlie Rippin",872-762-2045,"1976 Marina Village
East Ronny, NJ 60816",Cabin,7092.00,0
"Wilbert Lowe",689.217.1423,"211 Buckridge Estate Apt. 117
South Tanya, MT 37912-5921",House,6267.00,1
"Wilbert Windler",1-504-819-6729,"4852 Georgiana Glen Apt. 453
East Viviane, DE 52983",Cabin,6874.00,1
"William Thompson",1-682-341-0868,"5290 Alvera Throughway Apt. 594
East Jada, MA 99512","Condominium Unit",7216.00,0
"Yesenia Feil","(248) 482-2192","97938 Arne Prairie
Jacobsonville, IA 73452","Condominium Unit",8987.00,1
